,PassengerId,Survived,Pclass,Sex,Age,SibSp,Parch,Fare,Embarked,FamilySize,IsAlone,Title
0,1,0,3,male,22.0,1,0,7.25,S,2,0,Mr
1,2,1,1,female,38.0,1,0,71.2833,C,2,0,Mrs
2,3,1,3,female,26.0,0,0,7.925,S,1,1,Miss
3,4,1,1,female,35.0,1,0,53.1,S,2,0,Mrs
4,5,0,3,male,35.0,0,0,8.05,S,1,1,Mr
5,6,0,3,male,28.0,0,0,8.4583,Q,1,1,Mr
6,7,0,1,male,54.0,0,0,51.8625,S,1,1,Mr
7,8,0,3,male,2.0,3,1,21.075,S,5,0,Master
8,9,1,3,female,27.0,0,2,11.1333,S,3,0,Mrs
9,10,1,2,female,14.0,1,0,30.0708,C,2,0,Mrs
10,11,1,3,female,4.0,1,1,16.7,S,3,0,Miss
11,12,1,1,female,58.0,0,0,26.55,S,1,1,Miss
12,13,0,3,male,20.0,0,0,8.05,S,1,1,Mr
13,14,0,3,male,39.0,1,5,31.275,S,7,0,Mr
14,15,0,3,female,14.0,0,0,7.8542,S,1,1,Miss
15,16,1,2,female,55.0,0,0,16.0,S,1,1,Mrs
16,17,0,3,male,2.0,4,1,29.125,Q,6,0,Master
17,18,1,2,male,28.0,0,0,13.0,S,1,1,Mr
18,19,0,3,female,31.0,1,0,18.0,S,2,0,Mrs
19,20,1,3,female,28.0,0,0,7.225,C,1,1,Mrs
20,21,0,2,male,35.0,0,0,26.0,S,1,1,Mr
21,22,1,2,male,34.0,0,0,13.0,S,1,1,Mr
22,23,1,3,female,15.0,0,0,8.0292,Q,1,1,Miss
23,24,1,1,male,28.0,0,0,35.5,S,1,1,Mr
24,25,0,3,female,8.0,3,1,21.075,S,5,0,Miss
25,26,1,3,female,38.0,1,5,31.3875,S,7,0,Mrs
26,27,0,3,male,28.0,0,0,7.225,C,1,1,Mr
27,28,0,1,male,19.0,3,2,263.0,S,6,0,Mr
28,29,1,3,female,28.0,0,0,7.8792,Q,1,1,Miss
29,30,0,3,male,28.0,0,0,7.8958,S,1,1,Mr
30,31,0,1,male,40.0,0,0,27.7208,C,1,1,Other
31,32,1,1,female,28.0,1,0,146.5208,C,2,0,Mrs
32,33,1,3,female,28.0,0,0,7.75,Q,1,1,Miss
33,34,0,2,male,66.0,0,0,10.5,S,1,1,Mr
34,35,0,1,male,28.0,1,0,82.1708,C,2,0,Mr
35,36,0,1,male,42.0,1,0,52.0,S,2,0,Mr
36,37,1,3,male,28.0,0,0,7.2292,C,1,1,Mr
37,38,0,3,male,21.0,0,0,8.05,S,1,1,Mr
38,39,0,3,female,18.0,2,0,18.0,S,3,0,Miss
39,40,1,3,female,14.0,1,0,11.2417,C,2,0,Miss
40,41,0,3,female,40.0,1,0,9.475,S,2,0,Mrs
41,42,0,2,female,27.0,1,0,21.0,S,2,0,Mrs
42,43,0,3,male,28.0,0,0,7.8958,C,1,1,Mr
43,44,1,2,female,3.0,1,2,41.5792,C,4,0,Miss
44,45,1,3,female,19.0,0,0,7.8792,Q,1,1,Miss
45,46,0,3,male,28.0,0,0,8.05,S,1,1,Mr
46,47,0,3,male,28.0,1,0,15.5,Q,2,0,Mr
47,48,1,3,female,28.0,0,0,7.75,Q,1,1,Miss
48,49,0,3,male,28.0,2,0,21.6792,C,3,0,Mr
49,50,0,3,female,18.0,1,0,17.8,S,2,0,Mrs
50,51,0,3,male,7.0,4,1,39.6875,S,6,0,Master
51,52,0,3,male,21.0,0,0,7.8,S,1,1,Mr
52,53,1,1,female,49.0,1,0,76.7292,C,2,0,Mrs
53,54,1,2,female,29.0,1,0,26.0,S,2,0,Mrs
54,55,0,1,male,65.0,0,1,61.9792,C,2,0,Mr
55,56,1,1,male,28.0,0,0,35.5,S,1,1,Mr
56,57,1,2,female,21.0,0,0,10.5,S,1,1,Miss
57,58,0,3,male,28.5,0,0,7.2292,C,1,1,Mr
58,59,1,2,female,5.0,1,2,27.75,S,4,0,Miss
59,60,0,3,male,11.0,5,2,46.9,S,8,0,Master
60,61,0,3,male,22.0,0,0,7.2292,C,1,1,Mr
61,62,1,1,female,38.0,0,0,80.0,S,1,1,Miss
62,63,0,1,male,45.0,1,0,83.475,S,2,0,Mr
63,64,0,3,male,4.0,3,2,27.9,S,6,0,Master
64,65,0,1,male,28.0,0,0,27.7208,C,1,1,Mr
65,66,1,3,male,28.0,1,1,15.2458,C,3,0,Master
66,67,1,2,female,29.0,0,0,10.5,S,1,1,Mrs
67,68,0,3,male,19.0,0,0,8.1583,S,1,1,Mr
68,69,1,3,female,17.0,4,2,7.925,S,7,0,Miss
69,70,0,3,male,26.0,2,0,8.6625,S,3,0,Mr
70,71,0,2,male,32.0,0,0,10.5,S,1,1,Mr
71,72,0,3,female,16.0,5,2,46.9,S,8,0,Miss
72,73,0,2,male,21.0,0,0,73.5,S,1,1,Mr
73,74,0,3,male,26.0,1,0,14.4542,C,2,0,Mr
74,75,1,3,male,32.0,0,0,56.4958,S,1,1,Mr
75,76,0,3,male,25.0,0,0,7.65,S,1,1,Mr
76,77,0,3,male,28.0,0,0,7.8958,S,1,1,Mr
77,78,0,3,male,28.0,0,0,8.05,S,1,1,Mr
78,79,1,2,male,0.83,0,2,29.0,S,3,0,Master
79,80,1,3,female,30.0,0,0,12.475,S,1,1,Miss
80,81,0,3,male,22.0,0,0,9.0,S,1,1,Mr
81,82,1,3,male,29.0,0,0,9.5,S,1,1,Mr
82,83,1,3,female,28.0,0,0,7.7875,Q,1,1,Miss
83,84,0,1,male,28.0,0,0,47.1,S,1,1,Mr
84,85,1,2,female,17.0,0,0,10.5,S,1,1,Miss
85,86,1,3,female,33.0,3,0,15.85,S,4,0,Mrs
86,87,0,3,male,16.0,1,3,34.375,S,5,0,Mr
87,88,0,3,male,28.0,0,0,8.05,S,1,1,Mr
88,89,1,1,female,23.0,3,2,263.0,S,6,0,Miss
89,90,0,3,male,24.0,0,0,8.05,S,1,1,Mr
90,91,0,3,male,29.0,0,0,8.05,S,1,1,Mr
91,92,0,3,male,20.0,0,0,7.8542,S,1,1,Mr
92,93,0,1,male,46.0,1,0,61.175,S,2,0,Mr
93,94,0,3,male,26.0,1,2,20.575,S,4,0,Mr
94,95,0,3,male,59.0,0,0,7.25,S,1,1,Mr
95,96,0,3,male,28.0,0,0,8.05,S,1,1,Mr
96,97,0,1,male,71.0,0,0,34.6542,C,1,1,Mr
97,98,1,1,male,23.0,0,1,63.3583,C,2,0,Mr
98,99,1,2,female,34.0,0,1,23.0,S,2,0,Mrs
99,100,0,2,male,34.0,1,0,26.0,S,2,0,Mr
100,101,0,3,female,28.0,0,0,7.8958,S,1,1,Miss
101,102,0,3,male,28.0,0,0,7.8958,S,1,1,Mr
102,103,0,1,male,21.0,0,1,77.2875,S,2,0,Mr
103,104,0,3,male,33.0,0,0,8.6542,S,1,1,Mr
104,105,0,3,male,37.0,2,0,7.925,S,3,0,Mr
105,106,0,3,male,28.0,0,0,7.8958,S,1,1,Mr
106,107,1,3,female,21.0,0,0,7.65,S,1,1,Miss
107,108,1,3,male,28.0,0,0,7.775,S,1,1,Mr
108,109,0,3,male,38.0,0,0,7.8958,S,1,1,Mr
109,110,1,3,female,28.0,1,0,24.15,Q,2,0,Miss
110,111,0,1,male,47.0,0,0,52.0,S,1,1,Mr
111,112,0,3,female,14.5,1,0,14.4542,C,2,0,Miss
112,113,0,3,male,22.0,0,0,8.05,S,1,1,Mr
113,114,0,3,female,20.0,1,0,9.825,S,2,0,Miss
114,115,0,3,female,17.0,0,0,14.4583,C,1,1,Miss
115,116,0,3,male,21.0,0,0,7.925,S,1,1,Mr
116,117,0,3,male,70.5,0,0,7.75,Q,1,1,Mr
117,118,0,2,male,29.0,1,0,21.0,S,2,0,Mr
118,119,0,1,male,24.0,0,1,247.5208,C,2,0,Mr
119,120,0,3,female,2.0,4,2,31.275,S,7,0,Miss
120,121,0,2,male,21.0,2,0,73.5,S,3,0,Mr
121,122,0,3,male,28.0,0,0,8.05,S,1,1,Mr
122,123,0,2,male,32.5,1,0,30.0708,C,2,0,Mr
123,124,1,2,female,32.5,0,0,13.0,S,1,1,Miss
124,125,0,1,male,54.0,0,1,77.2875,S,2,0,Mr
125,126,1,3,male,12.0,1,0,11.2417,C,2,0,Master
126,127,0,3,male,28.0,0,0,7.75,Q,1,1,Mr
127,128,1,3,male,24.0,0,0,7.1417,S,1,1,Mr
128,129,1,3,female,28.0,1,1,22.3583,C,3,0,Miss
129,130,0,3,male,45.0,0,0,6.975,S,1,1,Mr
130,131,0,3,male,33.0,0,0,7.8958,C,1,1,Mr
131,132,0,3,male,20.0,0,0,7.05,S,1,1,Mr
132,133,0,3,female,47.0,1,0,14.5,S,2,0,Mrs
133,134,1,2,female,29.0,1,0,26.0,S,2,0,Mrs
134,135,0,2,male,25.0,0,0,13.0,S,1,1,Mr
135,136,0,2,male,23.0,0,0,15.0458,C,1,1,Mr
136,137,1,1,female,19.0,0,2,26.2833,S,3,0,Miss
137,138,0,1,male,37.0,1,0,53.1,S,2,0,Mr
138,139,0,3,male,16.0,0,0,9.2167,S,1,1,Mr
139,140,0,1,male,24.0,0,0,79.2,C,1,1,Mr
140,141,0,3,female,28.0,0,2,15.2458,C,3,0,Mrs
141,142,1,3,female,22.0,0,0,7.75,S,1,1,Miss
142,143,1,3,female,24.0,1,0,15.85,S,2,0,Mrs
143,144,0,3,male,19.0,0,0,6.75,Q,1,1,Mr
144,145,0,2,male,18.0,0,0,11.5,S,1,1,Mr
145,146,0,2,male,19.0,1,1,36.75,S,3,0,Mr
146,147,1,3,male,27.0,0,0,7.7958,S,1,1,Mr
147,148,0,3,female,9.0,2,2,34.375,S,5,0,Miss
148,149,0,2,male,36.5,0,2,26.0,S,3,0,Mr
149,150,0,2,male,42.0,0,0,13.0,S,1,1,Other
150,151,0,2,male,51.0,0,0,12.525,S,1,1,Other
151,152,1,1,female,22.0,1,0,66.6,S,2,0,Mrs
152,153,0,3,male,55.5,0,0,8.05,S,1,1,Mr
153,154,0,3,male,40.5,0,2,14.5,S,3,0,Mr
154,155,0,3,male,28.0,0,0,7.3125,S,1,1,Mr
155,156,0,1,male,51.0,0,1,61.3792,C,2,0,Mr
156,157,1,3,female,16.0,0,0,7.7333,Q,1,1,Miss
157,158,0,3,male,30.0,0,0,8.05,S,1,1,Mr
158,159,0,3,male,28.0,0,0,8.6625,S,1,1,Mr
159,160,0,3,male,28.0,8,2,69.55,S,11,0,Master
160,161,0,3,male,44.0,0,1,16.1,S,2,0,Mr
161,162,1,2,female,40.0,0,0,15.75,S,1,1,Mrs
162,163,0,3,male,26.0,0,0,7.775,S,1,1,Mr
163,164,0,3,male,17.0,0,0,8.6625,S,1,1,Mr
164,165,0,3,male,1.0,4,1,39.6875,S,6,0,Master
165,166,1,3,male,9.0,0,2,20.525,S,3,0,Master
166,167,1,1,female,28.0,0,1,55.0,S,2,0,Mrs
167,168,0,3,female,45.0,1,4,27.9,S,6,0,Mrs
168,169,0,1,male,28.0,0,0,25.925,S,1,1,Mr
169,170,0,3,male,28.0,0,0,56.4958,S,1,1,Mr
170,171,0,1,male,61.0,0,0,33.5,S,1,1,Mr
171,172,0,3,male,4.0,4,1,29.125,Q,6,0,Master
172,173,1,3,female,1.0,1,1,11.1333,S,3,0,Miss
173,174,0,3,male,21.0,0,0,7.925,S,1,1,Mr
174,175,0,1,male,56.0,0,0,30.6958,C,1,1,Mr
175,176,0,3,male,18.0,1,1,7.8542,S,3,0,Mr
176,177,0,3,male,28.0,3,1,25.4667,S,5,0,Master
177,178,0,1,female,50.0,0,0,28.7125,C,1,1,Miss
178,179,0,2,male,30.0,0,0,13.0,S,1,1,Mr
179,180,0,3,male,36.0,0,0,0.0,S,1,1,Mr
180,181,0,3,female,28.0,8,2,69.55,S,11,0,Miss
181,182,0,2,male,28.0,0,0,15.05,C,1,1,Mr
182,183,0,3,male,9.0,4,2,31.3875,S,7,0,Master
183,184,1,2,male,1.0,2,1,39.0,S,4,0,Master
184,185,1,3,female,4.0,0,2,22.025,S,3,0,Miss
185,186,0,1,male,28.0,0,0,50.0,S,1,1,Mr
186,187,1,3,female,28.0,1,0,15.5,Q,2,0,Mrs
187,188,1,1,male,45.0,0,0,26.55,S,1,1,Mr
188,189,0,3,male,40.0,1,1,15.5,Q,3,0,Mr
189,190,0,3,male,36.0,0,0,7.8958,S,1,1,Mr
190,191,1,2,female,32.0,0,0,13.0,S,1,1,Mrs
191,192,0,2,male,19.0,0,0,13.0,S,1,1,Mr
192,193,1,3,female,19.0,1,0,7.8542,S,2,0,Miss
193,194,1,2,male,3.0,1,1,26.0,S,3,0,Master
194,195,1,1,female,44.0,0,0,27.7208,C,1,1,Mrs
195,196,1,1,female,58.0,0,0,146.5208,C,1,1,Miss
196,197,0,3,male,28.0,0,0,7.75,Q,1,1,Mr
197,198,0,3,male,42.0,0,1,8.4042,S,2,0,Mr
198,199,1,3,female,28.0,0,0,7.75,Q,1,1,Miss
199,200,0,2,female,24.0,0,0,13.0,S,1,1,Miss
200,201,0,3,male,28.0,0,0,9.5,S,1,1,Mr
201,202,0,3,male,28.0,8,2,69.55,S,11,0,Mr
202,203,0,3,male,34.0,0,0,6.4958,S,1,1,Mr
203,204,0,3,male,45.5,0,0,7.225,C,1,1,Mr
204,205,1,3,male,18.0,0,0,8.05,S,1,1,Mr
205,206,0,3,female,2.0,0,1,10.4625,S,2,0,Miss
206,207,0,3,male,32.0,1,0,15.85,S,2,0,Mr
207,208,1,3,male,26.0,0,0,18.7875,C,1,1,Mr
208,209,1,3,female,16.0,0,0,7.75,Q,1,1,Miss
209,210,1,1,male,40.0,0,0,31.0,C,1,1,Mr
210,211,0,3,male,24.0,0,0,7.05,S,1,1,Mr
211,212,1,2,female,35.0,0,0,21.0,S,1,1,Miss
212,213,0,3,male,22.0,0,0,7.25,S,1,1,Mr
213,214,0,2,male,30.0,0,0,13.0,S,1,1,Mr
214,215,0,3,male,28.0,1,0,7.75,Q,2,0,Mr
215,216,1,1,female,31.0,1,0,113.275,C,2,0,Miss
216,217,1,3,female,27.0,0,0,7.925,S,1,1,Miss
217,218,0,2,male,42.0,1,0,27.0,S,2,0,Mr
218,219,1,1,female,32.0,0,0,76.2917,C,1,1,Miss
219,220,0,2,male,30.0,0,0,10.5,S,1,1,Mr
220,221,1,3,male,16.0,0,0,8.05,S,1,1,Mr
221,222,0,2,male,27.0,0,0,13.0,S,1,1,Mr
222,223,0,3,male,51.0,0,0,8.05,S,1,1,Mr
223,224,0,3,male,28.0,0,0,7.8958,S,1,1,Mr
224,225,1,1,male,38.0,1,0,90.0,S,2,0,Mr
225,226,0,3,male,22.0,0,0,9.35,S,1,1,Mr
226,227,1,2,male,19.0,0,0,10.5,S,1,1,Mr
227,228,0,3,male,20.5,0,0,7.25,S,1,1,Mr
228,229,0,2,male,18.0,0,0,13.0,S,1,1,Mr
229,230,0,3,female,28.0,3,1,25.4667,S,5,0,Miss
230,231,1,1,female,35.0,1,0,83.475,S,2,0,Mrs
231,232,0,3,male,29.0,0,0,7.775,S,1,1,Mr
232,233,0,2,male,59.0,0,0,13.5,S,1,1,Mr
233,234,1,3,female,5.0,4,2,31.3875,S,7,0,Miss
234,235,0,2,male,24.0,0,0,10.5,S,1,1,Mr
235,236,0,3,female,28.0,0,0,7.55,S,1,1,Miss
236,237,0,2,male,44.0,1,0,26.0,S,2,0,Mr
237,238,1,2,female,8.0,0,2,26.25,S,3,0,Miss
238,239,0,2,male,19.0,0,0,10.5,S,1,1,Mr
239,240,0,2,male,33.0,0,0,12.275,S,1,1,Mr
240,241,0,3,female,28.0,1,0,14.4542,C,2,0,Miss
241,242,1,3,female,28.0,1,0,15.5,Q,2,0,Miss
242,243,0,2,male,29.0,0,0,10.5,S,1,1,Mr
243,244,0,3,male,22.0,0,0,7.125,S,1,1,Mr
244,245,0,3,male,30.0,0,0,7.225,C,1,1,Mr
245,246,0,1,male,44.0,2,0,90.0,Q,3,0,Other
246,247,0,3,female,25.0,0,0,7.775,S,1,1,Miss
247,248,1,2,female,24.0,0,2,14.5,S,3,0,Mrs
248,249,1,1,male,37.0,1,1,52.5542,S,3,0,Mr
249,250,0,2,male,54.0,1,0,26.0,S,2,0,Other
250,251,0,3,male,28.0,0,0,7.25,S,1,1,Mr
251,252,0,3,female,29.0,1,1,10.4625,S,3,0,Mrs
252,253,0,1,male,62.0,0,0,26.55,S,1,1,Mr
253,254,0,3,male,30.0,1,0,16.1,S,2,0,Mr
254,255,0,3,female,41.0,0,2,20.2125,S,3,0,Mrs
255,256,1,3,female,29.0,0,2,15.2458,C,3,0,Mrs
256,257,1,1,female,28.0,0,0,79.2,C,1,1,Mrs
257,258,1,1,female,30.0,0,0,86.5,S,1,1,Miss
258,259,1,1,female,35.0,0,0,512.3292,C,1,1,Miss
259,260,1,2,female,50.0,0,1,26.0,S,2,0,Mrs
260,261,0,3,male,28.0,0,0,7.75,Q,1,1,Mr
261,262,1,3,male,3.0,4,2,31.3875,S,7,0,Master
262,263,0,1,male,52.0,1,1,79.65,S,3,0,Mr
263,264,0,1,male,40.0,0,0,0.0,S,1,1,Mr
264,265,0,3,female,28.0,0,0,7.75,Q,1,1,Miss
265,266,0,2,male,36.0,0,0,10.5,S,1,1,Mr
266,267,0,3,male,16.0,4,1,39.6875,S,6,0,Mr
267,268,1,3,male,25.0,1,0,7.775,S,2,0,Mr
268,269,1,1,female,58.0,0,1,153.4625,S,2,0,Mrs
269,270,1,1,female,35.0,0,0,135.6333,S,1,1,Miss
270,271,0,1,male,28.0,0,0,31.0,S,1,1,Mr
271,272,1,3,male,25.0,0,0,0.0,S,1,1,Mr
272,273,1,2,female,41.0,0,1,19.5,S,2,0,Mrs
273,274,0,1,male,37.0,0,1,29.7,C,2,0,Mr
274,275,1,3,female,28.0,0,0,7.75,Q,1,1,Miss
275,276,1,1,female,63.0,1,0,77.9583,S,2,0,Miss
276,277,0,3,female,45.0,0,0,7.75,S,1,1,Miss
277,278,0,2,male,28.0,0,0,0.0,S,1,1,Mr
278,279,0,3,male,7.0,4,1,29.125,Q,6,0,Master
279,280,1,3,female,35.0,1,1,20.25,S,3,0,Mrs
280,281,0,3,male,65.0,0,0,7.75,Q,1,1,Mr
281,282,0,3,male,28.0,0,0,7.8542,S,1,1,Mr
282,283,0,3,male,16.0,0,0,9.5,S,1,1,Mr
283,284,1,3,male,19.0,0,0,8.05,S,1,1,Mr
284,285,0,1,male,28.0,0,0,26.0,S,1,1,Mr
285,286,0,3,male,33.0,0,0,8.6625,C,1,1,Mr
286,287,1,3,male,30.0,0,0,9.5,S,1,1,Mr
287,288,0,3,male,22.0,0,0,7.8958,S,1,1,Mr
288,289,1,2,male,42.0,0,0,13.0,S,1,1,Mr
289,290,1,3,female,22.0,0,0,7.75,Q,1,1,Miss
290,291,1,1,female,26.0,0,0,78.85,S,1,1,Miss
291,292,1,1,female,19.0,1,0,91.0792,C,2,0,Mrs
292,293,0,2,male,36.0,0,0,12.875,C,1,1,Mr
293,294,0,3,female,24.0,0,0,8.85,S,1,1,Miss
294,295,0,3,male,24.0,0,0,7.8958,S,1,1,Mr
295,296,0,1,male,28.0,0,0,27.7208,C,1,1,Mr
296,297,0,3,male,23.5,0,0,7.2292,C,1,1,Mr
297,298,0,1,female,2.0,1,2,151.55,S,4,0,Miss
298,299,1,1,male,28.0,0,0,30.5,S,1,1,Mr
299,300,1,1,female,50.0,0,1,247.5208,C,2,0,Mrs
300,301,1,3,female,28.0,0,0,7.75,Q,1,1,Miss
301,302,1,3,male,28.0,2,0,23.25,Q,3,0,Mr
302,303,0,3,male,19.0,0,0,0.0,S,1,1,Mr
303,304,1,2,female,28.0,0,0,12.35,Q,1,1,Miss
304,305,0,3,male,28.0,0,0,8.05,S,1,1,Mr
305,306,1,1,male,0.92,1,2,151.55,S,4,0,Master
306,307,1,1,female,28.0,0,0,110.8833,C,1,1,Miss
307,308,1,1,female,17.0,1,0,108.9,C,2,0,Mrs
308,309,0,2,male,30.0,1,0,24.0,C,2,0,Mr
309,310,1,1,female,30.0,0,0,56.9292,C,1,1,Miss
310,311,1,1,female,24.0,0,0,83.1583,C,1,1,Miss
311,312,1,1,female,18.0,2,2,262.375,C,5,0,Miss
312,313,0,2,female,26.0,1,1,26.0,S,3,0,Mrs
313,314,0,3,male,28.0,0,0,7.8958,S,1,1,Mr
314,315,0,2,male,43.0,1,1,26.25,S,3,0,Mr
315,316,1,3,female,26.0,0,0,7.8542,S,1,1,Miss
316,317,1,2,female,24.0,1,0,26.0,S,2,0,Mrs
317,318,0,2,male,54.0,0,0,14.0,S,1,1,Other
318,319,1,1,female,31.0,0,2,164.8667,S,3,0,Miss
319,320,1,1,female,40.0,1,1,134.5,C,3,0,Mrs
320,321,0,3,male,22.0,0,0,7.25,S,1,1,Mr
321,322,0,3,male,27.0,0,0,7.8958,S,1,1,Mr
322,323,1,2,female,30.0,0,0,12.35,Q,1,1,Miss
323,324,1,2,female,22.0,1,1,29.0,S,3,0,Mrs
324,325,0,3,male,28.0,8,2,69.55,S,11,0,Mr
325,326,1,1,female,36.0,0,0,135.6333,C,1,1,Miss
326,327,0,3,male,61.0,0,0,6.2375,S,1,1,Mr
327,328,1,2,female,36.0,0,0,13.0,S,1,1,Mrs
328,329,1,3,female,31.0,1,1,20.525,S,3,0,Mrs
329,330,1,1,female,16.0,0,1,57.9792,C,2,0,Miss
330,331,1,3,female,28.0,2,0,23.25,Q,3,0,Miss
331,332,0,1,male,45.5,0,0,28.5,S,1,1,Mr
332,333,0,1,male,38.0,0,1,153.4625,S,2,0,Mr
333,334,0,3,male,16.0,2,0,18.0,S,3,0,Mr
334,335,1,1,female,28.0,1,0,133.65,S,2,0,Mrs
335,336,0,3,male,28.0,0,0,7.8958,S,1,1,Mr
336,337,0,1,male,29.0,1,0,66.6,S,2,0,Mr
337,338,1,1,female,41.0,0,0,134.5,C,1,1,Miss
338,339,1,3,male,45.0,0,0,8.05,S,1,1,Mr
339,340,0,1,male,45.0,0,0,35.5,S,1,1,Mr
340,341,1,2,male,2.0,1,1,26.0,S,3,0,Master
341,342,1,1,female,24.0,3,2,263.0,S,6,0,Miss
342,343,0,2,male,28.0,0,0,13.0,S,1,1,Mr
343,344,0,2,male,25.0,0,0,13.0,S,1,1,Mr
344,345,0,2,male,36.0,0,0,13.0,S,1,1,Mr
345,346,1,2,female,24.0,0,0,13.0,S,1,1,Miss
346,347,1,2,female,40.0,0,0,13.0,S,1,1,Miss
347,348,1,3,female,28.0,1,0,16.1,S,2,0,Mrs
348,349,1,3,male,3.0,1,1,15.9,S,3,0,Master
349,350,0,3,male,42.0,0,0,8.6625,S,1,1,Mr
350,351,0,3,male,23.0,0,0,9.225,S,1,1,Mr
351,352,0,1,male,28.0,0,0,35.0,S,1,1,Mr
352,353,0,3,male,15.0,1,1,7.2292,C,3,0,Mr
353,354,0,3,male,25.0,1,0,17.8,S,2,0,Mr
354,355,0,3,male,28.0,0,0,7.225,C,1,1,Mr
355,356,0,3,male,28.0,0,0,9.5,S,1,1,Mr
356,357,1,1,female,22.0,0,1,55.0,S,2,0,Miss
357,358,0,2,female,38.0,0,0,13.0,S,1,1,Miss
358,359,1,3,female,28.0,0,0,7.8792,Q,1,1,Miss
359,360,1,3,female,28.0,0,0,7.8792,Q,1,1,Miss
360,361,0,3,male,40.0,1,4,27.9,S,6,0,Mr
361,362,0,2,male,29.0,1,0,27.7208,C,2,0,Mr
362,363,0,3,female,45.0,0,1,14.4542,C,2,0,Mrs
363,364,0,3,male,35.0,0,0,7.05,S,1,1,Mr
364,365,0,3,male,28.0,1,0,15.5,Q,2,0,Mr
365,366,0,3,male,30.0,0,0,7.25,S,1,1,Mr
366,367,1,1,female,60.0,1,0,75.25,C,2,0,Mrs
367,368,1,3,female,28.0,0,0,7.2292,C,1,1,Mrs
368,369,1,3,female,28.0,0,0,7.75,Q,1,1,Miss
369,370,1,1,female,24.0,0,0,69.3,C,1,1,Other
370,371,1,1,male,25.0,1,0,55.4417,C,2,0,Mr
371,372,0,3,male,18.0,1,0,6.4958,S,2,0,Mr
372,373,0,3,male,19.0,0,0,8.05,S,1,1,Mr
373,374,0,1,male,22.0,0,0,135.6333,C,1,1,Mr
374,375,0,3,female,3.0,3,1,21.075,S,5,0,Miss
375,376,1,1,female,28.0,1,0,82.1708,C,2,0,Mrs
376,377,1,3,female,22.0,0,0,7.25,S,1,1,Miss
377,378,0,1,male,27.0,0,2,211.5,C,3,0,Mr
378,379,0,3,male,20.0,0,0,4.0125,C,1,1,Mr
379,380,0,3,male,19.0,0,0,7.775,S,1,1,Mr
380,381,1,1,female,42.0,0,0,227.525,C,1,1,Miss
381,382,1,3,female,1.0,0,2,15.7417,C,3,0,Miss
382,383,0,3,male,32.0,0,0,7.925,S,1,1,Mr
383,384,1,1,female,35.0,1,0,52.0,S,2,0,Mrs
384,385,0,3,male,28.0,0,0,7.8958,S,1,1,Mr
385,386,0,2,male,18.0,0,0,73.5,S,1,1,Mr
386,387,0,3,male,1.0,5,2,46.9,S,8,0,Master
387,388,1,2,female,36.0,0,0,13.0,S,1,1,Miss
388,389,0,3,male,28.0,0,0,7.7292,Q,1,1,Mr
389,390,1,2,female,17.0,0,0,12.0,C,1,1,Miss
390,391,1,1,male,36.0,1,2,120.0,S,4,0,Mr
391,392,1,3,male,21.0,0,0,7.7958,S,1,1,Mr
392,393,0,3,male,28.0,2,0,7.925,S,3,0,Mr
393,394,1,1,female,23.0,1,0,113.275,C,2,0,Miss
394,395,1,3,female,24.0,0,2,16.7,S,3,0,Mrs
395,396,0,3,male,22.0,0,0,7.7958,S,1,1,Mr
396,397,0,3,female,31.0,0,0,7.8542,S,1,1,Miss
397,398,0,2,male,46.0,0,0,26.0,S,1,1,Mr
398,399,0,2,male,23.0,0,0,10.5,S,1,1,Other
399,400,1,2,female,28.0,0,0,12.65,S,1,1,Mrs
400,401,1,3,male,39.0,0,0,7.925,S,1,1,Mr
401,402,0,3,male,26.0,0,0,8.05,S,1,1,Mr
402,403,0,3,female,21.0,1,0,9.825,S,2,0,Miss
403,404,0,3,male,28.0,1,0,15.85,S,2,0,Mr
404,405,0,3,female,20.0,0,0,8.6625,S,1,1,Miss
405,406,0,2,male,34.0,1,0,21.0,S,2,0,Mr
406,407,0,3,male,51.0,0,0,7.75,S,1,1,Mr
407,408,1,2,male,3.0,1,1,18.75,S,3,0,Master
408,409,0,3,male,21.0,0,0,7.775,S,1,1,Mr
409,410,0,3,female,28.0,3,1,25.4667,S,5,0,Miss
410,411,0,3,male,28.0,0,0,7.8958,S,1,1,Mr
411,412,0,3,male,28.0,0,0,6.8583,Q,1,1,Mr
412,413,1,1,female,33.0,1,0,90.0,Q,2,0,Miss
413,414,0,2,male,28.0,0,0,0.0,S,1,1,Mr
414,415,1,3,male,44.0,0,0,7.925,S,1,1,Mr
415,416,0,3,female,28.0,0,0,8.05,S,1,1,Mrs
416,417,1,2,female,34.0,1,1,32.5,S,3,0,Mrs
417,418,1,2,female,18.0,0,2,13.0,S,3,0,Miss
418,419,0,2,male,30.0,0,0,13.0,S,1,1,Mr
419,420,0,3,female,10.0,0,2,24.15,S,3,0,Miss
420,421,0,3,male,28.0,0,0,7.8958,C,1,1,Mr
421,422,0,3,male,21.0,0,0,7.7333,Q,1,1,Mr
422,423,0,3,male,29.0,0,0,7.875,S,1,1,Mr
423,424,0,3,female,28.0,1,1,14.4,S,3,0,Mrs
424,425,0,3,male,18.0,1,1,20.2125,S,3,0,Mr
425,426,0,3,male,28.0,0,0,7.25,S,1,1,Mr
426,427,1,2,female,28.0,1,0,26.0,S,2,0,Mrs
427,428,1,2,female,19.0,0,0,26.0,S,1,1,Miss
428,429,0,3,male,28.0,0,0,7.75,Q,1,1,Mr
429,430,1,3,male,32.0,0,0,8.05,S,1,1,Mr
430,431,1,1,male,28.0,0,0,26.55,S,1,1,Mr
431,432,1,3,female,28.0,1,0,16.1,S,2,0,Mrs
432,433,1,2,female,42.0,1,0,26.0,S,2,0,Mrs
433,434,0,3,male,17.0,0,0,7.125,S,1,1,Mr
434,435,0,1,male,50.0,1,0,55.9,S,2,0,Mr
435,436,1,1,female,14.0,1,2,120.0,S,4,0,Miss
436,437,0,3,female,21.0,2,2,34.375,S,5,0,Miss
437,438,1,2,female,24.0,2,3,18.75,S,6,0,Mrs
438,439,0,1,male,64.0,1,4,263.0,S,6,0,Mr
439,440,0,2,male,31.0,0,0,10.5,S,1,1,Mr
440,441,1,2,female,45.0,1,1,26.25,S,3,0,Mrs
441,442,0,3,male,20.0,0,0,9.5,S,1,1,Mr
442,443,0,3,male,25.0,1,0,7.775,S,2,0,Mr
443,444,1,2,female,28.0,0,0,13.0,S,1,1,Other
444,445,1,3,male,28.0,0,0,8.1125,S,1,1,Mr
445,446,1,1,male,4.0,0,2,81.8583,S,3,0,Master
446,447,1,2,female,13.0,0,1,19.5,S,2,0,Miss
447,448,1,1,male,34.0,0,0,26.55,S,1,1,Mr
448,449,1,3,female,5.0,2,1,19.2583,C,4,0,Miss
449,450,1,1,male,52.0,0,0,30.5,S,1,1,Other
450,451,0,2,male,36.0,1,2,27.75,S,4,0,Mr
451,452,0,3,male,28.0,1,0,19.9667,S,2,0,Mr
452,453,0,1,male,30.0,0,0,27.75,C,1,1,Mr
453,454,1,1,male,49.0,1,0,89.1042,C,2,0,Mr
454,455,0,3,male,28.0,0,0,8.05,S,1,1,Mr
455,456,1,3,male,29.0,0,0,7.8958,C,1,1,Mr
456,457,0,1,male,65.0,0,0,26.55,S,1,1,Mr
457,458,1,1,female,28.0,1,0,51.8625,S,2,0,Mrs
458,459,1,2,female,50.0,0,0,10.5,S,1,1,Miss
459,460,0,3,male,28.0,0,0,7.75,Q,1,1,Mr
460,461,1,1,male,48.0,0,0,26.55,S,1,1,Mr
461,462,0,3,male,34.0,0,0,8.05,S,1,1,Mr
462,463,0,1,male,47.0,0,0,38.5,S,1,1,Mr
463,464,0,2,male,48.0,0,0,13.0,S,1,1,Mr
464,465,0,3,male,28.0,0,0,8.05,S,1,1,Mr
465,466,0,3,male,38.0,0,0,7.05,S,1,1,Mr
466,467,0,2,male,28.0,0,0,0.0,S,1,1,Mr
467,468,0,1,male,56.0,0,0,26.55,S,1,1,Mr
468,469,0,3,male,28.0,0,0,7.725,Q,1,1,Mr
469,470,1,3,female,0.75,2,1,19.2583,C,4,0,Miss
470,471,0,3,male,28.0,0,0,7.25,S,1,1,Mr
471,472,0,3,male,38.0,0,0,8.6625,S,1,1,Mr
472,473,1,2,female,33.0,1,2,27.75,S,4,0,Mrs
473,474,1,2,female,23.0,0,0,13.7917,C,1,1,Mrs
474,475,0,3,female,22.0,0,0,9.8375,S,1,1,Miss
475,476,0,1,male,28.0,0,0,52.0,S,1,1,Mr
476,477,0,2,male,34.0,1,0,21.0,S,2,0,Mr
477,478,0,3,male,29.0,1,0,7.0458,S,2,0,Mr
478,479,0,3,male,22.0,0,0,7.5208,S,1,1,Mr
479,480,1,3,female,2.0,0,1,12.2875,S,2,0,Miss
480,481,0,3,male,9.0,5,2,46.9,S,8,0,Master
481,482,0,2,male,28.0,0,0,0.0,S,1,1,Mr
482,483,0,3,male,50.0,0,0,8.05,S,1,1,Mr
483,484,1,3,female,63.0,0,0,9.5875,S,1,1,Mrs
484,485,1,1,male,25.0,1,0,91.0792,C,2,0,Mr
485,486,0,3,female,28.0,3,1,25.4667,S,5,0,Miss
486,487,1,1,female,35.0,1,0,90.0,S,2,0,Mrs
487,488,0,1,male,58.0,0,0,29.7,C,1,1,Mr
488,489,0,3,male,30.0,0,0,8.05,S,1,1,Mr
489,490,1,3,male,9.0,1,1,15.9,S,3,0,Master
490,491,0,3,male,28.0,1,0,19.9667,S,2,0,Mr
491,492,0,3,male,21.0,0,0,7.25,S,1,1,Mr
492,493,0,1,male,55.0,0,0,30.5,S,1,1,Mr
493,494,0,1,male,71.0,0,0,49.5042,C,1,1,Mr
494,495,0,3,male,21.0,0,0,8.05,S,1,1,Mr
495,496,0,3,male,28.0,0,0,14.4583,C,1,1,Mr
496,497,1,1,female,54.0,1,0,78.2667,C,2,0,Miss
497,498,0,3,male,28.0,0,0,15.1,S,1,1,Mr
498,499,0,1,female,25.0,1,2,151.55,S,4,0,Mrs
499,500,0,3,male,24.0,0,0,7.7958,S,1,1,Mr
500,501,0,3,male,17.0,0,0,8.6625,S,1,1,Mr
501,502,0,3,female,21.0,0,0,7.75,Q,1,1,Miss
502,503,0,3,female,28.0,0,0,7.6292,Q,1,1,Miss
503,504,0,3,female,37.0,0,0,9.5875,S,1,1,Miss
504,505,1,1,female,16.0,0,0,86.5,S,1,1,Miss
505,506,0,1,male,18.0,1,0,108.9,C,2,0,Mr
506,507,1,2,female,33.0,0,2,26.0,S,3,0,Mrs
507,508,1,1,male,28.0,0,0,26.55,S,1,1,Mr
508,509,0,3,male,28.0,0,0,22.525,S,1,1,Mr
509,510,1,3,male,26.0,0,0,56.4958,S,1,1,Mr
510,511,1,3,male,29.0,0,0,7.75,Q,1,1,Mr
511,512,0,3,male,28.0,0,0,8.05,S,1,1,Mr
512,513,1,1,male,36.0,0,0,26.2875,S,1,1,Mr
513,514,1,1,female,54.0,1,0,59.4,C,2,0,Mrs
514,515,0,3,male,24.0,0,0,7.4958,S,1,1,Mr
515,516,0,1,male,47.0,0,0,34.0208,S,1,1,Mr
516,517,1,2,female,34.0,0,0,10.5,S,1,1,Mrs
517,518,0,3,male,28.0,0,0,24.15,Q,1,1,Mr
518,519,1,2,female,36.0,1,0,26.0,S,2,0,Mrs
519,520,0,3,male,32.0,0,0,7.8958,S,1,1,Mr
520,521,1,1,female,30.0,0,0,93.5,S,1,1,Miss
521,522,0,3,male,22.0,0,0,7.8958,S,1,1,Mr
522,523,0,3,male,28.0,0,0,7.225,C,1,1,Mr
523,524,1,1,female,44.0,0,1,57.9792,C,2,0,Mrs
524,525,0,3,male,28.0,0,0,7.2292,C,1,1,Mr
525,526,0,3,male,40.5,0,0,7.75,Q,1,1,Mr
526,527,1,2,female,50.0,0,0,10.5,S,1,1,Miss
527,528,0,1,male,28.0,0,0,221.7792,S,1,1,Mr
528,529,0,3,male,39.0,0,0,7.925,S,1,1,Mr
529,530,0,2,male,23.0,2,1,11.5,S,4,0,Mr
530,531,1,2,female,2.0,1,1,26.0,S,3,0,Miss
531,532,0,3,male,28.0,0,0,7.2292,C,1,1,Mr
532,533,0,3,male,17.0,1,1,7.2292,C,3,0,Mr
533,534,1,3,female,28.0,0,2,22.3583,C,3,0,Mrs
534,535,0,3,female,30.0,0,0,8.6625,S,1,1,Miss
535,536,1,2,female,7.0,0,2,26.25,S,3,0,Miss
536,537,0,1,male,45.0,0,0,26.55,S,1,1,Other
537,538,1,1,female,30.0,0,0,106.425,C,1,1,Miss
538,539,0,3,male,28.0,0,0,14.5,S,1,1,Mr
539,540,1,1,female,22.0,0,2,49.5,C,3,0,Miss
540,541,1,1,female,36.0,0,2,71.0,S,3,0,Miss
541,542,0,3,female,9.0,4,2,31.275,S,7,0,Miss
542,543,0,3,female,11.0,4,2,31.275,S,7,0,Miss
543,544,1,2,male,32.0,1,0,26.0,S,2,0,Mr
544,545,0,1,male,50.0,1,0,106.425,C,2,0,Mr
545,546,0,1,male,64.0,0,0,26.0,S,1,1,Mr
546,547,1,2,female,19.0,1,0,26.0,S,2,0,Mrs
547,548,1,2,male,28.0,0,0,13.8625,C,1,1,Mr
548,549,0,3,male,33.0,1,1,20.525,S,3,0,Mr
549,550,1,2,male,8.0,1,1,36.75,S,3,0,Master
550,551,1,1,male,17.0,0,2,110.8833,C,3,0,Mr
551,552,0,2,male,27.0,0,0,26.0,S,1,1,Mr
552,553,0,3,male,28.0,0,0,7.8292,Q,1,1,Mr
553,554,1,3,male,22.0,0,0,7.225,C,1,1,Mr
554,555,1,3,female,22.0,0,0,7.775,S,1,1,Miss
555,556,0,1,male,62.0,0,0,26.55,S,1,1,Mr
556,557,1,1,female,48.0,1,0,39.6,C,2,0,Other
557,558,0,1,male,28.0,0,0,227.525,C,1,1,Mr
558,559,1,1,female,39.0,1,1,79.65,S,3,0,Mrs
559,560,1,3,female,36.0,1,0,17.4,S,2,0,Mrs
560,561,0,3,male,28.0,0,0,7.75,Q,1,1,Mr
561,562,0,3,male,40.0,0,0,7.8958,S,1,1,Mr
562,563,0,2,male,28.0,0,0,13.5,S,1,1,Mr
563,564,0,3,male,28.0,0,0,8.05,S,1,1,Mr
564,565,0,3,female,28.0,0,0,8.05,S,1,1,Miss
565,566,0,3,male,24.0,2,0,24.15,S,3,0,Mr
566,567,0,3,male,19.0,0,0,7.8958,S,1,1,Mr
567,568,0,3,female,29.0,0,4,21.075,S,5,0,Mrs
568,569,0,3,male,28.0,0,0,7.2292,C,1,1,Mr
569,570,1,3,male,32.0,0,0,7.8542,S,1,1,Mr
570,571,1,2,male,62.0,0,0,10.5,S,1,1,Mr
571,572,1,1,female,53.0,2,0,51.4792,S,3,0,Mrs
572,573,1,1,male,36.0,0,0,26.3875,S,1,1,Mr
573,574,1,3,female,28.0,0,0,7.75,Q,1,1,Miss
574,575,0,3,male,16.0,0,0,8.05,S,1,1,Mr
575,576,0,3,male,19.0,0,0,14.5,S,1,1,Mr
576,577,1,2,female,34.0,0,0,13.0,S,1,1,Miss
577,578,1,1,female,39.0,1,0,55.9,S,2,0,Mrs
578,579,0,3,female,28.0,1,0,14.4583,C,2,0,Mrs
579,580,1,3,male,32.0,0,0,7.925,S,1,1,Mr
580,581,1,2,female,25.0,1,1,30.0,S,3,0,Miss
581,582,1,1,female,39.0,1,1,110.8833,C,3,0,Mrs
582,583,0,2,male,54.0,0,0,26.0,S,1,1,Mr
583,584,0,1,male,36.0,0,0,40.125,C,1,1,Mr
584,585,0,3,male,28.0,0,0,8.7125,C,1,1,Mr
585,586,1,1,female,18.0,0,2,79.65,S,3,0,Miss
586,587,0,2,male,47.0,0,0,15.0,S,1,1,Mr
587,588,1,1,male,60.0,1,1,79.2,C,3,0,Mr
588,589,0,3,male,22.0,0,0,8.05,S,1,1,Mr
589,590,0,3,male,28.0,0,0,8.05,S,1,1,Mr
590,591,0,3,male,35.0,0,0,7.125,S,1,1,Mr
591,592,1,1,female,52.0,1,0,78.2667,C,2,0,Mrs
592,593,0,3,male,47.0,0,0,7.25,S,1,1,Mr
593,594,0,3,female,28.0,0,2,7.75,Q,3,0,Miss
594,595,0,2,male,37.0,1,0,26.0,S,2,0,Mr
595,596,0,3,male,36.0,1,1,24.15,S,3,0,Mr
596,597,1,2,female,28.0,0,0,33.0,S,1,1,Miss
597,598,0,3,male,49.0,0,0,0.0,S,1,1,Mr
598,599,0,3,male,28.0,0,0,7.225,C,1,1,Mr
599,600,1,1,male,49.0,1,0,56.9292,C,2,0,Other
600,601,1,2,female,24.0,2,1,27.0,S,4,0,Mrs
601,602,0,3,male,28.0,0,0,7.8958,S,1,1,Mr
602,603,0,1,male,28.0,0,0,42.4,S,1,1,Mr
603,604,0,3,male,44.0,0,0,8.05,S,1,1,Mr
604,605,1,1,male,35.0,0,0,26.55,C,1,1,Mr
605,606,0,3,male,36.0,1,0,15.55,S,2,0,Mr
606,607,0,3,male,30.0,0,0,7.8958,S,1,1,Mr
607,608,1,1,male,27.0,0,0,30.5,S,1,1,Mr
608,609,1,2,female,22.0,1,2,41.5792,C,4,0,Mrs
609,610,1,1,female,40.0,0,0,153.4625,S,1,1,Miss
610,611,0,3,female,39.0,1,5,31.275,S,7,0,Mrs
611,612,0,3,male,28.0,0,0,7.05,S,1,1,Mr
612,613,1,3,female,28.0,1,0,15.5,Q,2,0,Miss
613,614,0,3,male,28.0,0,0,7.75,Q,1,1,Mr
614,615,0,3,male,35.0,0,0,8.05,S,1,1,Mr
615,616,1,2,female,24.0,1,2,65.0,S,4,0,Miss
616,617,0,3,male,34.0,1,1,14.4,S,3,0,Mr
617,618,0,3,female,26.0,1,0,16.1,S,2,0,Mrs
618,619,1,2,female,4.0,2,1,39.0,S,4,0,Miss
619,620,0,2,male,26.0,0,0,10.5,S,1,1,Mr
620,621,0,3,male,27.0,1,0,14.4542,C,2,0,Mr
621,622,1,1,male,42.0,1,0,52.5542,S,2,0,Mr
622,623,1,3,male,20.0,1,1,15.7417,C,3,0,Mr
623,624,0,3,male,21.0,0,0,7.8542,S,1,1,Mr
624,625,0,3,male,21.0,0,0,16.1,S,1,1,Mr
625,626,0,1,male,61.0,0,0,32.3208,S,1,1,Mr
626,627,0,2,male,57.0,0,0,12.35,Q,1,1,Other
627,628,1,1,female,21.0,0,0,77.9583,S,1,1,Miss
628,629,0,3,male,26.0,0,0,7.8958,S,1,1,Mr
629,630,0,3,male,28.0,0,0,7.7333,Q,1,1,Mr
630,631,1,1,male,80.0,0,0,30.0,S,1,1,Mr
631,632,0,3,male,51.0,0,0,7.0542,S,1,1,Mr
632,633,1,1,male,32.0,0,0,30.5,C,1,1,Other
633,634,0,1,male,28.0,0,0,0.0,S,1,1,Mr
634,635,0,3,female,9.0,3,2,27.9,S,6,0,Miss
635,636,1,2,female,28.0,0,0,13.0,S,1,1,Miss
636,637,0,3,male,32.0,0,0,7.925,S,1,1,Mr
637,638,0,2,male,31.0,1,1,26.25,S,3,0,Mr
638,639,0,3,female,41.0,0,5,39.6875,S,6,0,Mrs
639,640,0,3,male,28.0,1,0,16.1,S,2,0,Mr
640,641,0,3,male,20.0,0,0,7.8542,S,1,1,Mr
641,642,1,1,female,24.0,0,0,69.3,C,1,1,Other
642,643,0,3,female,2.0,3,2,27.9,S,6,0,Miss
643,644,1,3,male,28.0,0,0,56.4958,S,1,1,Mr
644,645,1,3,female,0.75,2,1,19.2583,C,4,0,Miss
645,646,1,1,male,48.0,1,0,76.7292,C,2,0,Mr
646,647,0,3,male,19.0,0,0,7.8958,S,1,1,Mr
647,648,1,1,male,56.0,0,0,35.5,C,1,1,Other
648,649,0,3,male,28.0,0,0,7.55,S,1,1,Mr
649,650,1,3,female,23.0,0,0,7.55,S,1,1,Miss
650,651,0,3,male,28.0,0,0,7.8958,S,1,1,Mr
651,652,1,2,female,18.0,0,1,23.0,S,2,0,Miss
652,653,0,3,male,21.0,0,0,8.4333,S,1,1,Mr
653,654,1,3,female,28.0,0,0,7.8292,Q,1,1,Miss
654,655,0,3,female,18.0,0,0,6.75,Q,1,1,Miss
655,656,0,2,male,24.0,2,0,73.5,S,3,0,Mr
656,657,0,3,male,28.0,0,0,7.8958,S,1,1,Mr
657,658,0,3,female,32.0,1,1,15.5,Q,3,0,Mrs
658,659,0,2,male,23.0,0,0,13.0,S,1,1,Mr
659,660,0,1,male,58.0,0,2,113.275,C,3,0,Mr
660,661,1,1,male,50.0,2,0,133.65,S,3,0,Other
661,662,0,3,male,40.0,0,0,7.225,C,1,1,Mr
662,663,0,1,male,47.0,0,0,25.5875,S,1,1,Mr
663,664,0,3,male,36.0,0,0,7.4958,S,1,1,Mr
664,665,1,3,male,20.0,1,0,7.925,S,2,0,Mr
665,666,0,2,male,32.0,2,0,73.5,S,3,0,Mr
666,667,0,2,male,25.0,0,0,13.0,S,1,1,Mr
667,668,0,3,male,28.0,0,0,7.775,S,1,1,Mr
668,669,0,3,male,43.0,0,0,8.05,S,1,1,Mr
669,670,1,1,female,28.0,1,0,52.0,S,2,0,Mrs
670,671,1,2,female,40.0,1,1,39.0,S,3,0,Mrs
671,672,0,1,male,31.0,1,0,52.0,S,2,0,Mr
672,673,0,2,male,70.0,0,0,10.5,S,1,1,Mr
673,674,1,2,male,31.0,0,0,13.0,S,1,1,Mr
674,675,0,2,male,28.0,0,0,0.0,S,1,1,Mr
675,676,0,3,male,18.0,0,0,7.775,S,1,1,Mr
676,677,0,3,male,24.5,0,0,8.05,S,1,1,Mr
677,678,1,3,female,18.0,0,0,9.8417,S,1,1,Miss
678,679,0,3,female,43.0,1,6,46.9,S,8,0,Mrs
679,680,1,1,male,36.0,0,1,512.3292,C,2,0,Mr
680,681,0,3,female,28.0,0,0,8.1375,Q,1,1,Miss
681,682,1,1,male,27.0,0,0,76.7292,C,1,1,Mr
682,683,0,3,male,20.0,0,0,9.225,S,1,1,Mr
683,684,0,3,male,14.0,5,2,46.9,S,8,0,Mr
684,685,0,2,male,60.0,1,1,39.0,S,3,0,Mr
685,686,0,2,male,25.0,1,2,41.5792,C,4,0,Mr
686,687,0,3,male,14.0,4,1,39.6875,S,6,0,Mr
687,688,0,3,male,19.0,0,0,10.1708,S,1,1,Mr
688,689,0,3,male,18.0,0,0,7.7958,S,1,1,Mr
689,690,1,1,female,15.0,0,1,211.3375,S,2,0,Miss
690,691,1,1,male,31.0,1,0,57.0,S,2,0,Mr
691,692,1,3,female,4.0,0,1,13.4167,C,2,0,Miss
692,693,1,3,male,28.0,0,0,56.4958,S,1,1,Mr
693,694,0,3,male,25.0,0,0,7.225,C,1,1,Mr
694,695,0,1,male,60.0,0,0,26.55,S,1,1,Other
695,696,0,2,male,52.0,0,0,13.5,S,1,1,Mr
696,697,0,3,male,44.0,0,0,8.05,S,1,1,Mr
697,698,1,3,female,28.0,0,0,7.7333,Q,1,1,Miss
698,699,0,1,male,49.0,1,1,110.8833,C,3,0,Mr
699,700,0,3,male,42.0,0,0,7.65,S,1,1,Mr
700,701,1,1,female,18.0,1,0,227.525,C,2,0,Mrs
701,702,1,1,male,35.0,0,0,26.2875,S,1,1,Mr
702,703,0,3,female,18.0,0,1,14.4542,C,2,0,Miss
703,704,0,3,male,25.0,0,0,7.7417,Q,1,1,Mr
704,705,0,3,male,26.0,1,0,7.8542,S,2,0,Mr
705,706,0,2,male,39.0,0,0,26.0,S,1,1,Mr
706,707,1,2,female,45.0,0,0,13.5,S,1,1,Mrs
707,708,1,1,male,42.0,0,0,26.2875,S,1,1,Mr
708,709,1,1,female,22.0,0,0,151.55,S,1,1,Miss
709,710,1,3,male,28.0,1,1,15.2458,C,3,0,Master
710,711,1,1,female,24.0,0,0,49.5042,C,1,1,Other
711,712,0,1,male,28.0,0,0,26.55,S,1,1,Mr
712,713,1,1,male,48.0,1,0,52.0,S,2,0,Mr
713,714,0,3,male,29.0,0,0,9.4833,S,1,1,Mr
714,715,0,2,male,52.0,0,0,13.0,S,1,1,Mr
715,716,0,3,male,19.0,0,0,7.65,S,1,1,Mr
716,717,1,1,female,38.0,0,0,227.525,C,1,1,Miss
717,718,1,2,female,27.0,0,0,10.5,S,1,1,Miss
718,719,0,3,male,28.0,0,0,15.5,Q,1,1,Mr
719,720,0,3,male,33.0,0,0,7.775,S,1,1,Mr
720,721,1,2,female,6.0,0,1,33.0,S,2,0,Miss
721,722,0,3,male,17.0,1,0,7.0542,S,2,0,Mr
722,723,0,2,male,34.0,0,0,13.0,S,1,1,Mr
723,724,0,2,male,50.0,0,0,13.0,S,1,1,Mr
724,725,1,1,male,27.0,1,0,53.1,S,2,0,Mr
725,726,0,3,male,20.0,0,0,8.6625,S,1,1,Mr
726,727,1,2,female,30.0,3,0,21.0,S,4,0,Mrs
727,728,1,3,female,28.0,0,0,7.7375,Q,1,1,Miss
728,729,0,2,male,25.0,1,0,26.0,S,2,0,Mr
729,730,0,3,female,25.0,1,0,7.925,S,2,0,Miss
730,731,1,1,female,29.0,0,0,211.3375,S,1,1,Miss
731,732,0,3,male,11.0,0,0,18.7875,C,1,1,Mr
732,733,0,2,male,28.0,0,0,0.0,S,1,1,Mr
733,734,0,2,male,23.0,0,0,13.0,S,1,1,Mr
734,735,0,2,male,23.0,0,0,13.0,S,1,1,Mr
735,736,0,3,male,28.5,0,0,16.1,S,1,1,Mr
736,737,0,3,female,48.0,1,3,34.375,S,5,0,Mrs
737,738,1,1,male,35.0,0,0,512.3292,C,1,1,Mr
738,739,0,3,male,28.0,0,0,7.8958,S,1,1,Mr
739,740,0,3,male,28.0,0,0,7.8958,S,1,1,Mr
740,741,1,1,male,28.0,0,0,30.0,S,1,1,Mr
741,742,0,1,male,36.0,1,0,78.85,S,2,0,Mr
742,743,1,1,female,21.0,2,2,262.375,C,5,0,Miss
743,744,0,3,male,24.0,1,0,16.1,S,2,0,Mr
744,745,1,3,male,31.0,0,0,7.925,S,1,1,Mr
745,746,0,1,male,70.0,1,1,71.0,S,3,0,Other
746,747,0,3,male,16.0,1,1,20.25,S,3,0,Mr
747,748,1,2,female,30.0,0,0,13.0,S,1,1,Miss
748,749,0,1,male,19.0,1,0,53.1,S,2,0,Mr
749,750,0,3,male,31.0,0,0,7.75,Q,1,1,Mr
750,751,1,2,female,4.0,1,1,23.0,S,3,0,Miss
751,752,1,3,male,6.0,0,1,12.475,S,2,0,Master
752,753,0,3,male,33.0,0,0,9.5,S,1,1,Mr
753,754,0,3,male,23.0,0,0,7.8958,S,1,1,Mr
754,755,1,2,female,48.0,1,2,65.0,S,4,0,Mrs
755,756,1,2,male,0.67,1,1,14.5,S,3,0,Master
756,757,0,3,male,28.0,0,0,7.7958,S,1,1,Mr
757,758,0,2,male,18.0,0,0,11.5,S,1,1,Mr
758,759,0,3,male,34.0,0,0,8.05,S,1,1,Mr
759,760,1,1,female,33.0,0,0,86.5,S,1,1,Other
760,761,0,3,male,28.0,0,0,14.5,S,1,1,Mr
761,762,0,3,male,41.0,0,0,7.125,S,1,1,Mr
762,763,1,3,male,20.0,0,0,7.2292,C,1,1,Mr
763,764,1,1,female,36.0,1,2,120.0,S,4,0,Mrs
764,765,0,3,male,16.0,0,0,7.775,S,1,1,Mr
765,766,1,1,female,51.0,1,0,77.9583,S,2,0,Mrs
766,767,0,1,male,28.0,0,0,39.6,C,1,1,Other
767,768,0,3,female,30.5,0,0,7.75,Q,1,1,Miss
768,769,0,3,male,28.0,1,0,24.15,Q,2,0,Mr
769,770,0,3,male,32.0,0,0,8.3625,S,1,1,Mr
770,771,0,3,male,24.0,0,0,9.5,S,1,1,Mr
771,772,0,3,male,48.0,0,0,7.8542,S,1,1,Mr
772,773,0,2,female,57.0,0,0,10.5,S,1,1,Mrs
773,774,0,3,male,28.0,0,0,7.225,C,1,1,Mr
774,775,1,2,female,54.0,1,3,23.0,S,5,0,Mrs
775,776,0,3,male,18.0,0,0,7.75,S,1,1,Mr
776,777,0,3,male,28.0,0,0,7.75,Q,1,1,Mr
777,778,1,3,female,5.0,0,0,12.475,S,1,1,Miss
778,779,0,3,male,28.0,0,0,7.7375,Q,1,1,Mr
779,780,1,1,female,43.0,0,1,211.3375,S,2,0,Mrs
780,781,1,3,female,13.0,0,0,7.2292,C,1,1,Miss
781,782,1,1,female,17.0,1,0,57.0,S,2,0,Mrs
782,783,0,1,male,29.0,0,0,30.0,S,1,1,Mr
783,784,0,3,male,28.0,1,2,23.45,S,4,0,Mr
784,785,0,3,male,25.0,0,0,7.05,S,1,1,Mr
785,786,0,3,male,25.0,0,0,7.25,S,1,1,Mr
786,787,1,3,female,18.0,0,0,7.4958,S,1,1,Miss
787,788,0,3,male,8.0,4,1,29.125,Q,6,0,Master
788,789,1,3,male,1.0,1,2,20.575,S,4,0,Master
789,790,0,1,male,46.0,0,0,79.2,C,1,1,Mr
790,791,0,3,male,28.0,0,0,7.75,Q,1,1,Mr
791,792,0,2,male,16.0,0,0,26.0,S,1,1,Mr
792,793,0,3,female,28.0,8,2,69.55,S,11,0,Miss
793,794,0,1,male,28.0,0,0,30.6958,C,1,1,Mr
794,795,0,3,male,25.0,0,0,7.8958,S,1,1,Mr
795,796,0,2,male,39.0,0,0,13.0,S,1,1,Mr
796,797,1,1,female,49.0,0,0,25.9292,S,1,1,Other
797,798,1,3,female,31.0,0,0,8.6833,S,1,1,Mrs
798,799,0,3,male,30.0,0,0,7.2292,C,1,1,Mr
799,800,0,3,female,30.0,1,1,24.15,S,3,0,Mrs
800,801,0,2,male,34.0,0,0,13.0,S,1,1,Mr
801,802,1,2,female,31.0,1,1,26.25,S,3,0,Mrs
802,803,1,1,male,11.0,1,2,120.0,S,4,0,Master
803,804,1,3,male,0.42,0,1,8.5167,C,2,0,Master
804,805,1,3,male,27.0,0,0,6.975,S,1,1,Mr
805,806,0,3,male,31.0,0,0,7.775,S,1,1,Mr
806,807,0,1,male,39.0,0,0,0.0,S,1,1,Mr
807,808,0,3,female,18.0,0,0,7.775,S,1,1,Miss
808,809,0,2,male,39.0,0,0,13.0,S,1,1,Mr
809,810,1,1,female,33.0,1,0,53.1,S,2,0,Mrs
810,811,0,3,male,26.0,0,0,7.8875,S,1,1,Mr
811,812,0,3,male,39.0,0,0,24.15,S,1,1,Mr
812,813,0,2,male,35.0,0,0,10.5,S,1,1,Mr
813,814,0,3,female,6.0,4,2,31.275,S,7,0,Miss
814,815,0,3,male,30.5,0,0,8.05,S,1,1,Mr
815,816,0,1,male,28.0,0,0,0.0,S,1,1,Mr
816,817,0,3,female,23.0,0,0,7.925,S,1,1,Miss
817,818,0,2,male,31.0,1,1,37.0042,C,3,0,Mr
818,819,0,3,male,43.0,0,0,6.45,S,1,1,Mr
819,820,0,3,male,10.0,3,2,27.9,S,6,0,Master
820,821,1,1,female,52.0,1,1,93.5,S,3,0,Mrs
821,822,1,3,male,27.0,0,0,8.6625,S,1,1,Mr
822,823,0,1,male,38.0,0,0,0.0,S,1,1,Other
823,824,1,3,female,27.0,0,1,12.475,S,2,0,Mrs
824,825,0,3,male,2.0,4,1,39.6875,S,6,0,Master
825,826,0,3,male,28.0,0,0,6.95,Q,1,1,Mr
826,827,0,3,male,28.0,0,0,56.4958,S,1,1,Mr
827,828,1,2,male,1.0,0,2,37.0042,C,3,0,Master
828,829,1,3,male,28.0,0,0,7.75,Q,1,1,Mr
829,830,1,1,female,62.0,0,0,80.0,S,1,1,Mrs
830,831,1,3,female,15.0,1,0,14.4542,C,2,0,Mrs
831,832,1,2,male,0.83,1,1,18.75,S,3,0,Master
832,833,0,3,male,28.0,0,0,7.2292,C,1,1,Mr
833,834,0,3,male,23.0,0,0,7.8542,S,1,1,Mr
834,835,0,3,male,18.0,0,0,8.3,S,1,1,Mr
835,836,1,1,female,39.0,1,1,83.1583,C,3,0,Miss
836,837,0,3,male,21.0,0,0,8.6625,S,1,1,Mr
837,838,0,3,male,28.0,0,0,8.05,S,1,1,Mr
838,839,1,3,male,32.0,0,0,56.4958,S,1,1,Mr
839,840,1,1,male,28.0,0,0,29.7,C,1,1,Mr
840,841,0,3,male,20.0,0,0,7.925,S,1,1,Mr
841,842,0,2,male,16.0,0,0,10.5,S,1,1,Mr
842,843,1,1,female,30.0,0,0,31.0,C,1,1,Miss
843,844,0,3,male,34.5,0,0,6.4375,C,1,1,Mr
844,845,0,3,male,17.0,0,0,8.6625,S,1,1,Mr
845,846,0,3,male,42.0,0,0,7.55,S,1,1,Mr
846,847,0,3,male,28.0,8,2,69.55,S,11,0,Mr
847,848,0,3,male,35.0,0,0,7.8958,C,1,1,Mr
848,849,0,2,male,28.0,0,1,33.0,S,2,0,Other
849,850,1,1,female,28.0,1,0,89.1042,C,2,0,Mrs
850,851,0,3,male,4.0,4,2,31.275,S,7,0,Master
851,852,0,3,male,74.0,0,0,7.775,S,1,1,Mr
852,853,0,3,female,9.0,1,1,15.2458,C,3,0,Miss
853,854,1,1,female,16.0,0,1,39.4,S,2,0,Miss
854,855,0,2,female,44.0,1,0,26.0,S,2,0,Mrs
855,856,1,3,female,18.0,0,1,9.35,S,2,0,Mrs
856,857,1,1,female,45.0,1,1,164.8667,S,3,0,Mrs
857,858,1,1,male,51.0,0,0,26.55,S,1,1,Mr
858,859,1,3,female,24.0,0,3,19.2583,C,4,0,Mrs
859,860,0,3,male,28.0,0,0,7.2292,C,1,1,Mr
860,861,0,3,male,41.0,2,0,14.1083,S,3,0,Mr
861,862,0,2,male,21.0,1,0,11.5,S,2,0,Mr
862,863,1,1,female,48.0,0,0,25.9292,S,1,1,Mrs
863,864,0,3,female,28.0,8,2,69.55,S,11,0,Miss
864,865,0,2,male,24.0,0,0,13.0,S,1,1,Mr
865,866,1,2,female,42.0,0,0,13.0,S,1,1,Mrs
866,867,1,2,female,27.0,1,0,13.8583,C,2,0,Miss
867,868,0,1,male,31.0,0,0,50.4958,S,1,1,Mr
868,869,0,3,male,28.0,0,0,9.5,S,1,1,Mr
869,870,1,3,male,4.0,1,1,11.1333,S,3,0,Master
870,871,0,3,male,26.0,0,0,7.8958,S,1,1,Mr
871,872,1,1,female,47.0,1,1,52.5542,S,3,0,Mrs
872,873,0,1,male,33.0,0,0,5.0,S,1,1,Mr
873,874,0,3,male,47.0,0,0,9.0,S,1,1,Mr
874,875,1,2,female,28.0,1,0,24.0,C,2,0,Mrs
875,876,1,3,female,15.0,0,0,7.225,C,1,1,Miss
876,877,0,3,male,20.0,0,0,9.8458,S,1,1,Mr
877,878,0,3,male,19.0,0,0,7.8958,S,1,1,Mr
878,879,0,3,male,28.0,0,0,7.8958,S,1,1,Mr
879,880,1,1,female,56.0,0,1,83.1583,C,2,0,Mrs
880,881,1,2,female,25.0,0,1,26.0,S,2,0,Mrs
881,882,0,3,male,33.0,0,0,7.8958,S,1,1,Mr
882,883,0,3,female,22.0,0,0,10.5167,S,1,1,Miss
883,884,0,2,male,28.0,0,0,10.5,S,1,1,Mr
884,885,0,3,male,25.0,0,0,7.05,S,1,1,Mr
885,886,0,3,female,39.0,0,5,29.125,Q,6,0,Mrs
886,887,0,2,male,27.0,0,0,13.0,S,1,1,Other
887,888,1,1,female,19.0,0,0,30.0,S,1,1,Miss
888,889,0,3,female,28.0,1,2,23.45,S,4,0,Miss
889,890,1,1,male,26.0,0,0,30.0,C,1,1,Mr
890,891,0,3,male,32.0,0,0,7.75,Q,1,1,Mr
